image_name,image_identifier
4Q393-124-1,a74b215820d35f1e1667f1420ab0b7ce8fdddc9dfc19dcd430a42ab87dc14d8d
4Q393-124-2,ffdff869533dcbefdc66d7241edccaa8e64c8f8166146a1cb37ec0907bef0d67
4Q393-124-3,93f241d2b15ac075f24e862c659edc8fd09b51ffb42d30eb64a63717bc35fcc4
4Q393-124-4,d1523540885b4dcddb1ffda0b960cfe788dcc3c541bc14f4a230cf7d59397d60
4Q393-124-5,4cb37da44ef5b466148746dd673a58d8266446d191aa7fc71e704183bb1fe0e6
4Q393-124-6,d79cf848800f8ff03604ed564ed89878a40ad324e090e09b6ba2e01eecba0789
4Q393-124-7,23b770a2ed2465fdf11f65b46337c8d1f122a18da71586e6bfb7ded66d314346
4Q393-124-8,118afa149e30050825a0b90f92af260038476ab1278d61455e9304ad2bcaf40c
4Q393-124-9,5e2ece91accbc9f82d4c8733bc30965922b546ee7d7745cb8dd632ca7f0f1ebe
4Q26-198-1,77de48d84afa789f87de19b82de7f17e526869f02c5fcdf984cdf8b097860378
4Q26-198-10,b4393661ab00685cd1baf713aa9979d38380f6c0491e04837eaa4db773fa481f
4Q26-198-2,5ee51f816802c95d0b301a0b88c39af7f60600247bd9a0540b4b59e0209dbff1
4Q26-198-3,f8f0dc510879dd8fa54156fca047fe6d768ee0370eba90d3f9f08000869f8118
4Q26-198-4,7894bdd74a7d6e7e72419ef65ef13482bb6127f1650f09ad830d24bc8553cf15
4Q26-198-5,acc04b938358205c273eb0c608a90336c8ae1a812de90de7f74587acfa497198
4Q26-198-6,d4813bd48300bda4d01e56a2ea80c20557a11867513a32f19864e708ea2262e
4Q26-198-7,263aa14fef52066e0e089c9358c886ab4280e08caba5622813d26e2dce450ee0
4Q26-198-8,c5ceb03adab4cf06e0e15455e667a0659aeec06c63cb813fcf9d2eb0a97a7606
4Q26-198-9,ccf541e46c68fcc543181cc1c7c9ff3f5771326f4125af37fe2e62de1c274a65
4Q270-690-1,614b31f3d56d710aeb67e40f97e095ab801bda0ca7c92bdf32103fca0d1df195
4Q270-690-10,b548e4ffc9068916c732aadd2930140a637f13d171aa57e9f17dfccfa644bd04
4Q270-690-11,c49621dc9d759780b8e3e15318ecf5bdf397752d5a690b597dc21b189a1178cd
4Q270-690-12,87eec9fc8f474d5582eefabe66d50e0991cfa18597a2daa726388cc969d8bad5
4Q270-690-13,cf4c1a66da14b76d658a4c213d161fa258ad80389f368602448df89159721a0f
4Q270-690-14,3722b984dd3297b0a2f4afd9d0ebffe93f33f18993f83d394f9eae4c13bb1d71
4Q270-690-15,f81ec680e254b8b992cc578535b56609d41bccf0cc1d54b7221a72502319f06c
4Q270-690-16,4f24556ed62f3fae2219d58b880d920f72ed65bf8992e5441e227c5302af71b0
4Q270-690-17,93ac4addf39b4333a34808100595a2033fec6ae050b5826a673d491f9d2a389e
4Q270-690-18,7703fbf5ab1ed6b44a739883c8d1d0194108a94a8f3cd5cb0726243cb6579fb1
4Q270-690-19,4edba9d6f09bd0552012916a3cabedd5de5b73d5c40d1e6d4d4c0258dd616a8d
4Q270-690-2,af55e765ab3d8b6cd47c31e52ba9173ed79b8b53b9bb7f6d80b9e5ed33244289
4Q270-690-3,a7c70b5533dc221511f88588784f37643278f13062ef852865495db96ef53b96
4Q270-690-4,6880bfbb834a74aca45a476fc02214e83d13c14975d4057d9fdcd6b9a9a3288b
4Q270-690-5,821b0934cc8b339f4fedf902b4d89d883b73d38e831dc263811aa21b8ca49d73
4Q270-690-6,1a82ed223153fa79cb4a5a3f1259fa73e77a1775676237b3455334a139625870
4Q270-690-7,c5fec68acd1ebdd64d10cb2a06345298d6ee62ab4f66bc104f9d543ee14482ea
4Q270-690-8,bfdf5dc593f0bff1a72a3382e37e15107d5e6b25950e62441ce94c806ed9e3b8
4Q270-690-9,9cbb643d372c516d739767c5e9b7d64e0e3b522af087fcde64197c28951e8f86
